PAT;PAT NAME;PA NAME;EMPYER;NOEMPYEE;NOPAYEMP;GOVEMYEE;STAEMYEE;EMPLYEE;GROUPEMP;TOCC0_100wrk;TOCC1;TOCC2;TOCC3;TOCC4;TOCC5;TOCC6;TOCC7;TOCC8;TOCC9;TTOCC;AGRI;MANU;TRDSRV
100101;Phra Borom Maha Ratchawang;Phra Nakhon;17,45;5,2;10,84;40,31;0,72;16,81;8,66;30;1,6;6,97;12,44;3,78;43,64;0,12;0,45;0,43;2,31;28,25;0,56;2,96;96,48
100102;Wang Burapha Phirom;Phra Nakhon;11,61;22,64;17,97;7,19;1,02;39,57;0;43;2,36;7,64;4,09;6,05;57,09;0;9,22;1,23;12,33;0;0;9,37;90,63
100103;Wat Ratchabophit;Phra Nakhon;12,66;20,42;11,88;6,38;2,19;44,24;2,23;72;4,15;8,55;6,49;6,91;45,71;0;18,23;0,94;9,02;0;0;21,2;78,8
100104;Samran Rat;Phra Nakhon;4,82;27,48;16,63;7,76;2,32;41;0;54;2,22;4,59;11,58;9,25;51,32;0;8,01;2,19;10,3;0,54;0;5,37;94,63
100105;San Chao Pho Suea;Phra Nakhon;3,2;21,79;12,07;6,24;0,26;56,31;0,13;49;3,29;7,02;1,78;9,57;38,8;0,15;19,12;0,68;18,4;1,19;0;25,52;74,48
100106;Sao Chingcha;Phra Nakhon;3,39;20,92;10,32;20,96;0;44,41;0;45;3,24;13,93;20,72;10,38;43,78;0;1,26;3,31;3,37;0;0;5,85;94,15
100107;Bowon Niwet;Phra Nakhon;6,41;32,94;5,14;10,38;1,67;43,11;0,35;56;5,11;6,9;10,86;8,7;51,43;0,72;3,15;2,82;10,08;0,23;0,85;9,5;89,64
100108;Talat Yot;Phra Nakhon;15,76;28,45;11,24;15,29;0,97;28,19;0,1;53;2,54;2,76;3,34;4,44;82,02;0;0,51;0,35;3,81;0,23;0;2;98
100109;Chana Songkhram;Phra Nakhon;10,84;32,25;13,07;9,66;2,33;31,83;0;190;2,79;9,16;2,48;4,73;70,29;0;5,21;1,18;3,8;0,37;0;6,05;93,95
100110;Ban Phan Thom;Phra Nakhon;6,16;31,96;4,62;8,64;0,85;47,67;0,1;51;4;8,46;6,99;5,44;53,21;0;8,22;5,64;7,33;0,72;0,29;10,47;89,23
100111;Bang Khun Phrom;Phra Nakhon;4,1;23,23;4,86;25,49;2,15;39,79;0,37;50;4,88;8,4;8,82;12,94;43,22;0,05;6,5;6,51;6,36;2,32;0,14;7,69;92,17
100112;Wat Sam Phraya;Phra Nakhon;15,73;18,66;4,3;13,15;1,24;46,91;0;66;5,48;7,27;8,21;8,23;49,79;0,1;3,95;4,96;11,44;0,57;0,21;9,66;90,14
100201;Dusit;Dusit;1,63;16;1,96;52,83;1,81;25,77;0;87;11,64;12,13;12,34;11,12;39,16;0,32;1,38;1,24;6,53;4,13;0;9,54;90,46
100202;Wachira Phayaban;Dusit;1,45;19,53;6,28;40,58;1,22;30,83;0,11;58;7,73;12,63;5,75;13,11;37,47;0,34;6,01;6,33;9,67;0,95;0;6,21;93,79
100203;Suan Chitlada;Dusit;8,33;13,92;4,88;21,74;2,71;48,41;0;48;7,9;12,61;8,6;17,15;34,54;0;4,18;5,96;8,82;0,24;0,68;8,12;91,2
100204;Si Yaek Mahanak;Dusit;12,41;19,94;8,87;7,08;0,5;51,08;0,12;51;1,36;8,06;6,88;7,62;56,38;0;3,41;6,93;9,37;0;0;8,61;91,39
100206;Thanon Nakhon Chai Si;Dusit;2,76;12,57;2,64;53,36;2,12;26,48;0,09;42;4,68;9,61;7,56;11,66;21,42;0,09;4,82;4,37;6,86;28,94;0,09;7,06;92,85
100301;Krathum Rai;Nong Chok;3,47;23,6;4,49;10,84;2,75;54,73;0,12;50;3,78;5,9;9,33;7,25;22,25;2,68;15,96;20,8;11,91;0,13;2,54;36,54;60,92
100302;Nong Chok;Nong Chok;1,44;21,59;12,26;9,48;3,41;51,82;0;43;2,65;7,73;7,49;7,87;31,21;2,76;15,08;13,85;11,22;0,14;3,32;33,26;63,42
100303;Khlong Sip;Nong Chok;3,11;36,82;7,9;8,72;1,07;42,37;0;58;12,97;6,68;3,41;7,33;15,8;13,92;8,96;9,71;20,93;0,3;25,68;19,11;55,21
100304;Khlong Sip Song;Nong Chok;3,13;16,97;5,81;9,71;3,32;59,13;1,93;43;3,58;8,04;4,75;5,08;28,33;2,9;22,45;11,84;12,72;0,31;7,96;26,91;65,12
100305;Khok Faet;Nong Chok;1,56;26;7,04;9,61;2,19;53,19;0,41;45;3,62;9,02;9,21;7,61;23,94;6,23;13,48;18;8,68;0,21;7,42;33,51;59,07
100306;Khu Fang Nuea;Nong Chok;2,22;28,3;9,11;6,94;2,95;50,47;0;27;1,71;7,86;3,51;7,62;22,06;11,61;16,17;15;14,46;0;15,98;32,42;51,6
100307;Lam Phak Chi;Nong Chok;3,33;16,37;2,94;10,68;3,94;62,73;0;41;9,21;15,12;6,31;11,57;16,08;1,23;14,24;13,54;12,28;0,42;1,25;41,15;57,6
100308;Lam Toiting;Nong Chok;2,02;17,07;0,57;9,24;1,56;68,79;0,75;53;6,27;8,93;3,61;9,15;15,82;2,79;13,89;19,16;20;0,38;4,12;40,1;55,78
100401;Maha Phruettharam;Bang Rak;10,27;19,8;10,17;6,65;0,51;52,05;0,55;56;7,32;8,99;10,44;8,34;44,43;0,02;7,01;6,33;6,95;0,17;0,03;15,61;84,36
100402;Si Lom;Bang Rak;7,61;13,53;5,04;34,67;1,28;37,81;0,07;44;4,7;29,47;18,17;4,17;32,33;0,24;3,34;2,05;5,53;0;0,27;8,82;90,91
100403;Suriyawong;Bang Rak;11,18;9,14;7,06;0,75;0,87;71;0;30;4,8;1,37;4,17;3,04;71,34;0;6,97;0;8,3;0;0;7,29;92,71
100404;Bang Rak;Bang Rak;8,02;16,24;15,78;5,72;0;54,24;0;39;3,25;5,95;3,31;10,59;46,96;0;12,08;3,74;14,1;0;0;16,94;83,06
100405;Si Phraya;Bang Rak;12,07;18,68;7,5;3,61;1,24;56,72;0,17;50;9,63;10,2;12,22;8,77;39,52;0,02;7,87;5,57;6,2;0;0,02;19,08;80,9
100502;Anusawari;Bang Khen;3,55;16,32;3,69;31,8;3,38;40,94;0,31;47;7,39;16,54;9,9;10,87;27,1;0,51;8,62;7,24;8,65;3,17;0,17;16,15;83,68
100508;Tha Raeng;Bang Khen;4,73;21,25;3,29;14,61;4,88;51,15;0,09;48;8,88;15,94;10,68;10,9;25,51;0,37;10,34;9,67;7,1;0,62;0,26;20,04;79,69
100601;Khlong Chan;Bang Kapi;3,88;19,69;4,51;8,99;3,57;59,21;0,15;55;7,09;16,2;9,7;10,23;34;0,22;8,39;6,16;7,86;0,15;0,19;17,15;82,66
100608;Hua Mak;Bang Kapi;3,78;16,13;4,24;8,16;2,62;64,91;0,16;39;7,19;17,11;10,87;11,49;29,72;0,17;9,32;7,48;6,46;0,19;0,21;17,65;82,15
100701;Rong Mueang;Pathum Wan;9,17;27,13;7,74;4,93;6,59;44,33;0,12;51;4,66;7,75;10,41;9,58;42,48;0;7,99;5,65;11,47;0;0,3;12,04;87,66
100702;Wang Mai;Pathum Wan;10;17,15;19,34;24,15;1,02;28,33;0;234;5,71;6,09;10,61;6,07;61,51;0,16;4,02;3,06;2,73;0,05;0,15;4,73;95,12
100703;Pathum Wan;Pathum Wan;1,27;37,3;11,56;12,16;0,09;37,62;0;61;2,13;2,3;6,06;3,94;62,85;0;3,69;5,29;13,44;0,3;0,12;6,41;93,46
100704;Lumphini;Pathum Wan;2,25;23,85;5,22;10,24;1,1;57,31;0,03;37;1,88;7,77;11,55;4,82;39,54;0,2;13,86;5,85;14,43;0,1;0,17;22,21;77,62
100801;Pom Prap;Pom Prap Sattru Phai;3,5;30,04;16,28;2,59;0,57;47,01;0;53;3,57;4,92;9,23;3,63;55,49;0;3,26;5,97;13,93;0;0;7,19;92,81
100802;Wat Thep Sirin;Pom Prap Sattru Phai;5,39;25,76;13,78;4,57;0,88;49,62;0;70;5,8;7,69;7,25;4,94;54,26;0,14;9,76;5,44;4,72;0;0;15,65;84,35
100803;Khlong Maha Nak;Pom Prap Sattru Phai;12,33;23,57;12,27;6,31;1,51;43,38;0,62;64;8,34;10,32;8,97;7,88;46,95;0,12;5,8;5,49;6,07;0,06;0,12;12,96;86,92
100804;Ban Bat;Pom Prap Sattru Phai;3,61;29,12;17,22;4,04;1,73;44,02;0,25;43;2,2;8,29;6,9;5,99;51,29;0,46;9,4;5,33;10,15;0;0;18,89;81,11
100805;Wat Sommanat;Pom Prap Sattru Phai;9,64;27,78;13,91;14,73;1,97;31,96;0;85;4,31;6,45;10,42;5,11;61,15;0;3,04;5,34;3,82;0,35;0;6,37;93,63
100905;Bang Chak;Phra Khanong;3,98;18,05;4,11;5,86;2,16;65,7;0,13;52;6,74;10,53;10,44;9,55;26,98;0,2;12,84;10,99;11,48;0,25;0,12;29,12;70,76
101001;Min Buri;Min Buri;4,77;17,98;4,69;14,49;2,3;55,61;0,15;55;7,49;11,03;7,07;9,77;23,39;0,62;18,66;13,32;8,53;0,12;0,66;29,79;69,55
101002;Saen Saep;Min Buri;4,12;15,93;4,21;9,54;5,34;60,8;0,05;54;7,26;11,16;8;7,83;21,1;2,94;16,93;13,06;11,54;0,18;2,87;38,19;58,94
101101;Lat Krabang;Lat Krabang;3,13;17,31;3,49;10,68;2,3;62,82;0,27;48;3,24;10,2;5,86;7,77;30,3;0,29;14,31;13,15;14,73;0,17;0,29;29,25;70,46
101102;Khlong Song Ton Nun;Lat Krabang;3,28;25,19;2,63;6;2,52;59,92;0,46;30;3,26;6,86;7,76;9,86;28,14;0,36;14,23;13,22;16,12;0,19;0,57;27,15;72,27
101103;Khlong Sam Prawet;Lat Krabang;5,94;17,15;4,79;10,78;3,2;58,11;0,03;40;6,67;11,06;11,87;11,68;25,24;0,64;11,4;10,32;8,5;2,62;0,53;27,46;72,02
101104;Lam Pla Thio;Lat Krabang;2,29;12,96;2,08;3,61;0,9;78,1;0,05;49;2,13;5,54;4,98;7,55;19,83;1,02;20,14;16,79;21,87;0,13;1,01;55,64;43,35
101105;Thap Yao;Lat Krabang;2,32;15,57;8,51;9,38;5,99;57,95;0,28;26;2,39;6,25;5,52;7,44;19,06;10,12;12,25;20,81;16,16;0;10,54;29,7;59,76
101106;Khum Thong;Lat Krabang;3,66;16,03;11,58;20,2;2,01;46,52;0;38;4,88;8,76;6,18;6,76;19,82;9,92;14,07;13,82;15,71;0,08;10,49;28,98;60,54
101203;Chong Nonsi;Yan Nawa;2,85;18,71;4,78;4,68;1,09;67,87;0,02;40;4,54;7,18;6,84;8,91;24,27;0,09;19,52;13,54;15,06;0,06;0,11;28,88;71,01
101204;Bang Phongphang;Yan Nawa;3,35;19,95;6,02;4,5;0,77;65,16;0,25;36;5,83;6,12;6,01;10,69;24,59;0,06;20,33;15,26;10,99;0,12;0,26;36,21;63,53
101301;Chakkrawat;Samphanthawong;7,95;19,79;17,25;13,07;1,07;40,88;0;52;6,09;10,5;7,02;5,44;56,24;0;2,45;5,19;7,07;0;0;17,49;82,51
101302;Samphanthawong;Samphanthawong;14,64;34,84;21,69;2,99;0,7;24,81;0,32;54;6,47;5,77;6,99;3,03;72,3;0;1,2;2,19;2,05;0;0;6,6;93,4
101303;Talat Noi;Samphanthawong;6,38;25,7;10,19;8,99;1;47,74;0;60;2,45;6,59;8,62;6,28;45,23;0;19,1;2,99;8,74;0;0,21;22,26;77,53
101401;Sam Sen Nai;Phaya Thai;2,8;13,23;2,26;38,89;3,39;39,33;0,11;39;6,13;13,47;7,87;10,58;24,59;0,37;4,91;6,24;10,03;15,8;0,12;10,48;89,4
101501;Wat Kanlaya;Thon Buri;2,95;36,45;5,66;8,71;2,14;43,83;0,25;45;3,06;11,42;6,04;6,68;40,44;0,23;8,86;10,39;12,4;0,48;0,45;14,41;85,14
101502;Hiran Ruchi;Thon Buri;3,83;32,92;6,23;13,14;2,42;41,17;0,29;80;4,28;12,81;5,17;5,89;40,98;0,06;9,22;9,55;11,42;0,62;0;11,12;88,88
101503;Bang Yi Ruea;Thon Buri;2,52;28,26;7,76;11,61;1,48;48,22;0,15;54;3,8;9,03;5,95;7,84;39,22;0,16;13,13;10,65;10,06;0,17;0,2;20,02;79,78
101504;Bukkhalo;Thon Buri;3,43;19,53;6,89;12,93;1,46;55,6;0,15;48;4,31;11,54;7,98;6,89;26,51;0;20,21;11,08;7,9;3,57;0;30,85;69,15
101505;Talat Phlu;Thon Buri;1,83;28,23;7,23;10,91;2;49,63;0,16;54;3,42;12,57;6,93;11,77;34,5;0,09;13,38;12,29;4,81;0,25;0,08;21,84;78,08
101506;Dao Khanong;Thon Buri;2,89;24,91;8,97;6,46;0,83;55,84;0,1;49;4,76;6,42;8,35;10,21;30,65;0,1;20,82;10,27;8,42;0;0,05;31,91;68,05
101507;Samre;Thon Buri;2,81;25,05;7,28;10,63;2,12;52,1;0;49;3,5;6,98;8,34;6,94;41,19;0,06;17,33;10,58;4,74;0,35;0,06;22,95;76,99
101601;Wat Arun;Bangkok Yai;4,88;14,8;7,29;35,65;2,22;35,04;0,12;45;6,71;13,24;7,13;6,94;28,04;0,25;6,27;5,14;4,91;21,37;0,29;13,72;85,99
101602;Wat Tha Phra;Bangkok Yai;3,96;23,91;8,25;12,38;2,94;48,12;0,44;57;4,64;14,18;8,24;8,37;33,22;0,22;13,46;11,23;5,67;0,76;0,19;23,36;76,45
101701;Huai Khwang;Huai Khwang;1,84;31,66;6,64;8,61;1,27;49,98;0;57;5,08;11,14;12,7;8,39;37,41;0,11;7,77;8,91;8,28;0,23;0;15,14;84,86
101702;Bang Kapi;Huai Khwang;3,12;26,79;3,42;5,2;2,01;59,29;0,17;37;4,04;4,52;4,73;5,78;34,81;0,09;15,65;10,06;20,24;0,08;0,31;22,23;77,46
101704;Sam Sen Nok;Huai Khwang;4,7;21,16;6,11;10,63;1,88;55,45;0,06;61;8;10,97;12,45;6,18;36,79;0,21;10,27;6,85;7,99;0,3;0,26;16,8;82,94
101801;Somdet Chao Phraya;Khlong San;4,23;27,87;13,48;7,24;2,22;44,85;0,1;68;4,87;11;10,31;8,08;42,82;0,11;7,68;6,98;8,14;0;0,2;17,5;82,3
101802;Khlong San;Khlong San;4,19;20,24;7,55;8,83;1,28;57,91;0;54;5,25;8,28;6,25;9,18;34,88;0,16;9,33;10,7;15,77;0,2;0,16;19,76;80,08
101803;Bang Lamphu Lang;Khlong San;4,36;25,12;9,97;7,4;2,63;50,35;0,18;55;5,64;9,34;8,8;9,37;27,33;0,11;18,22;14,17;6,62;0,41;0,25;31,05;68,7
101804;Khlong Ton Sai;Khlong San;6,07;18,18;9,66;6,19;2,05;57,53;0,31;41;4,1;8,45;7,83;9,01;36,89;0,09;14,39;10,55;8,45;0,24;0,09;22,78;77,13
101901;Khlong Chak Phra;Taling Chan;2,15;19,59;4,61;22,45;3,25;47,95;0;63;4,54;15,82;9,9;11,69;27,16;0,64;11,01;10,2;8,61;0,43;0,2;20,05;79,75
101902;Taling Chan;Taling Chan;3,1;17,45;4,35;22,41;3,45;48,83;0,43;47;5,55;14,93;9,11;10,48;25,05;0,59;11,96;13,46;7,91;0,96;0,91;30,8;68,29
101903;Chimphli;Taling Chan;3,67;15,07;3,42;24,36;2,91;50,27;0,29;52;7,06;18,61;9,31;7,29;24,37;0,97;13,28;7,17;11,11;0,84;1,13;26;72,88
101904;Bang Phrom;Taling Chan;0,96;26,82;6,6;26,14;3,34;36,13;0;58;5,46;11,89;11,57;10,42;24,28;0,77;17,28;7,79;9,62;0,93;0,63;22,33;77,04
101905;Bang Ramat;Taling Chan;5,14;15,31;5,66;28,37;4,04;41,39;0,09;61;8,49;18,79;11,78;9,65;22,34;1,93;9,43;7,24;9,53;0,82;2,53;21,64;75,83
101907;Bang Chueak Nang;Taling Chan;4,29;21,06;8,42;14,63;2,38;49,21;0;61;6,5;11,5;7,61;8,92;25,06;2,89;15,39;11,72;9,88;0,54;4,5;23,73;71,77
102004;Sirirat;Bangkok Noi;5,02;9,6;4,73;65,8;1,83;13,02;0;39;5,89;42,3;10,49;8,36;22,54;0,5;2,13;1,73;5,1;0,96;0,4;4,76;94,84
102005;Ban Chang Lo;Bangkok Noi;1,87;19,69;6,28;30,42;3,19;38,35;0,2;59;3,23;13,51;10,38;9,28;29,58;0,3;6,89;7,62;8,42;10,78;0,24;13,04;86,71
102006;Bang Khun Non;Bangkok Noi;4,46;23,73;5,83;19,65;5,43;40,9;0;49;5,63;20;8,55;8,93;30;0,75;8,56;7,48;8,99;1,1;1,11;20,16;78,73
102007;Bang Khun Si;Bangkok Noi;3,79;26,17;6,33;18,36;3,26;41,79;0,3;63;4,15;19,68;8,85;11,13;32,28;0,07;9,01;7,42;6,6;0,81;0,1;15,79;84,11
102009;Arun Amarin;Bangkok Noi;5,56;21,51;7,93;13,19;2,66;49,13;0,03;54;4,33;14,14;9,61;11,54;34,62;0,27;5,62;7,43;11,06;1,37;0,31;14,11;85,59
102105;Tha Kham;Bang Khun Thian;5,62;21,32;5,57;5,47;1,16;60,5;0,35;29;4,56;6,24;7,64;5,01;22,68;2,93;25,63;16,38;8,71;0,23;3,09;50,06;46,85
102107;Samae Dam;Bang Khun Thian;5,19;21,96;5,05;7,86;2,22;57,3;0,43;36;3,98;7,05;7,42;8,1;29,09;0,28;18,32;14,99;10,39;0,36;0,16;37,7;62,15
102201;Bang Wa;Phasi Charoen;3,77;23,42;10,07;8,13;1,82;52,77;0,03;42;6,01;9,06;8,31;7,42;31,9;0,2;16,03;13,28;7,3;0,48;0,19;30,52;69,29
102202;Bang Duan;Phasi Charoen;3,42;20,8;6,9;7,43;2,67;58,55;0,24;44;6,74;9,47;8,5;6,99;24,47;1,4;18,57;14,8;8,52;0,55;1,37;38,08;60,55
102206;Bang Chak;Phasi Charoen;4,71;21,29;2,61;12,29;1,83;57,26;0;33;5,88;12,49;7,41;5,22;23,33;1,27;24,75;13,69;5,79;0,17;1,28;40,9;57,82
102207;Bang Waek;Phasi Charoen;2,28;25,63;7,08;17,08;3,56;44,37;0;50;8,7;15,42;9,12;7,77;25,89;0,08;15,13;11,83;5,41;0,64;0,19;26,79;73,01
102208;Khlong Khwang;Phasi Charoen;2,74;26,65;8,26;9,04;1,93;51,38;0;59;4,34;12,72;10,19;7,55;26,28;1,35;16,73;11,43;8,97;0,44;0,22;28,37;71,4
102209;Pak Khlong Phasi Charoen;Phasi Charoen;7,1;21,38;5,86;10,88;2,48;51,85;0,45;70;7,25;10,6;7,87;7,32;30,1;0,25;18,3;10,26;7,98;0,07;0,13;26,73;73,14
102210;Khuha Sawan;Phasi Charoen;3,95;26,11;5,83;16,53;1,61;45,96;0;67;3,84;10,08;7,67;10,1;34,44;0,22;13,77;9,82;10,06;0;0,75;18,01;81,24
102302;Nong Khaem;Nong Khaem;4,73;21,52;4,78;8,64;2,74;57,37;0,21;32;5,1;9,31;7,8;8,14;25,77;1,09;14,53;17,41;10,33;0,51;1,15;41,43;57,42
102303;Nong Khang Phlu;Nong Khaem;4,8;24,54;7,66;7,77;2,07;52,56;0,59;36;4,65;8,08;8,76;7,94;27,65;0,72;21,2;12,7;7,78;0,52;0,65;38,1;61,25
102401;Rat Burana;Rat Burana;2,65;18,42;3,9;9,85;2,01;63;0,16;49;7,49;9,32;7,53;10,72;22,01;0,69;16,09;17,12;8,6;0,44;0,41;36,83;62,76
102402;Bang Pa Kok;Rat Burana;2,77;20,06;5,47;6,02;1,31;64,2;0,16;38;3,8;6,09;8,19;6,78;23,66;0,85;24,13;15,81;10,21;0,48;0,91;39,58;59,51
102501;Bang Phlat;Bang Phlat;3,09;12,08;4,17;19,66;4,18;56,83;0;58;5,96;18,05;14,67;14,92;19,68;0,28;9,78;7,12;9,1;0,45;0,41;19,18;80,41
102502;Bang O;Bang Phlat;1,53;17,27;5,27;18,99;4,97;51,97;0;48;4,63;20,85;10,63;11,55;26,62;0,13;8,32;8,07;8,46;0,74;0,06;16,27;83,67
102503;Bang Bamru;Bang Phlat;2,49;12,04;5,93;17,46;2,57;58,6;0,91;46;5,35;17,49;11,43;17,28;31,47;0,15;5,78;5,47;5,25;0,33;0,16;15,12;84,72
102504;Bang Yi Khan;Bang Phlat;2,81;20,09;4,18;16,9;4,59;50,76;0,68;56;5,63;19,72;11,31;13,25;30,24;0,12;5,06;7,81;6,08;0,77;0,13;12,62;87,25
102601;Din Daeng;Din Daeng;3,77;20,21;6,38;15,05;2,6;51,43;0,56;46;5,77;12,16;9,56;9,58;31,01;0,22;10,94;12,55;7,01;1,19;0,18;19,47;80,34
102701;Khlong Kum;Bueng Kum;5,21;20,13;3,93;13,87;4,06;52,47;0,32;50;9,8;19,18;10,12;9,56;26,32;0,28;9,4;8,68;6,18;0,49;0,34;20,74;78,93
102801;Thung Wat Don;Sathon;6,3;21,69;5,97;7,85;1,19;56,62;0,38;59;10,56;12,22;11,04;11,31;27,88;0,1;10,77;8,12;7,86;0,13;1,1;20,79;78,11
102802;Yan Nawa;Sathon;2,94;23,47;7,6;7,82;2,05;55,25;0,86;76;11;7,93;12,01;10,92;33,39;0,12;7,47;6,6;10,53;0;3,21;14,51;82,28
102803;Thung Maha Mek;Sathon;3,14;8,99;3,37;57,26;0,81;26,33;0,09;44;5,41;9,24;5,08;15,59;16,97;0,09;8,22;4,85;4,84;29,72;0,38;7,98;91,63
102901;Bang Sue;Bang Sue;4,09;20,82;4,56;22,65;4,34;43,18;0,37;64;6,75;15,65;10,18;11,66;25,34;0,16;11,24;9,42;8,29;1,32;0,16;16,7;83,14
103001;Lat Yao;Chatuchak;3,76;12,2;2,13;18,83;2,22;29,96;30,9;203;4,26;12,84;7,99;9,53;15,68;0,75;33,35;6,15;9,03;0,4;0,73;8,09;91,18
103002;Sena Nikhom;Chatuchak;3,04;17,68;6,2;27,62;2,36;42,92;0,19;58;4,71;13,28;9,58;16,38;28,23;0,22;9,23;8,01;7,7;2,66;0,34;13,38;86,28
103003;Chan Kasem;Chatuchak;5,3;16,06;5,39;15,17;4,66;53,12;0,31;62;11,08;21,78;10,44;8,4;22,33;0,37;7,83;6,04;10,96;0,76;0,37;17,94;81,69
103004;Chom Phon;Chatuchak;5,84;14,24;5,45;12,31;6,29;55,67;0,2;56;11,51;22,32;12,02;7,03;26,74;0,43;5,49;5,68;8,54;0,25;0,3;14,36;85,34
103005;Chatuchak;Chatuchak;3,56;14,8;1,59;26,63;14,35;38,55;0,52;39;6,73;17,78;7,41;14,79;22,3;0,14;10,41;8,28;4,6;7,57;0,1;13,05;86,85
103101;Bang Kho Laem;Bang Kho Laem;1,89;22,17;4,85;7,45;1,88;61,77;0;48;4,49;8,87;10,13;8,33;29,25;0,07;13,88;17,31;7,5;0,18;0,06;25,95;73,98
103102;Wat Phraya Krai;Bang Kho Laem;1,92;28,95;6;4,33;1,58;57,11;0,11;41;2,76;6,66;8,07;8,74;35,54;0,09;12,15;16,35;9,4;0,23;0,03;20,79;79,18
103103;Bang Khlo;Bang Kho Laem;5,19;25,78;5,3;5,69;0,97;56,89;0,2;52;7,23;10,72;10,37;6,09;30,16;0,04;17,5;10,94;6,81;0,12;0,04;30,01;69,94
103201;Prawet;Prawet;4,32;15,45;4,34;10,23;2,09;63,14;0,43;41;7,08;9,65;6,03;9,7;23,26;0,65;19,05;11,27;12,94;0,36;0,6;36,84;62,56
103202;Nong Bon;Prawet;5,77;17,66;5,11;5,99;2,19;62,89;0,4;39;7,6;9,92;7,75;10,11;34,03;0,27;9,91;10,16;10,12;0,14;0,19;20,74;79,07
103203;Dok Mai;Prawet;4,42;15,31;3,92;7,71;1,79;66,81;0,05;37;7,35;9,13;7,93;12,31;31,48;0,48;12,32;10,42;8,32;0,27;0,19;27,87;71,94
103301;Khlong Toei;Khlong Toei;1,56;22;4,46;6,15;9,55;54,32;1,96;45;2,17;5,94;13,37;12,64;31,07;0,1;7,12;13,46;13,89;0,22;0,08;13,33;86,59
103302;Khlong Tan;Khlong Toei;3,42;16,68;5,22;2,6;0,89;71,2;0;31;3,85;7,39;18,11;10,03;37,21;0,05;5,9;9,29;8,17;0;0;10,23;89,77
103303;Phra Khanong;Khlong Toei;4,03;17,65;4,62;3,97;2,78;66,81;0,14;39;3,45;7,96;8,66;8,14;30,06;0,09;18,75;10,87;11,81;0,22;0,1;33,27;66,63
103401;Suan Luang;Suan Luang;4,55;21,82;5,38;5,18;1,72;61,08;0,28;47;6,71;9,71;8,25;9,87;28,81;0,25;14,3;11,49;10,33;0,28;0,22;23,94;75,84
103501;Bang Khun Thian;Chom Thong;3,87;22,36;7,47;12,57;2,34;51,11;0,28;58;6,71;8,83;9,78;9,21;23,77;0,25;16,84;15,58;8,85;0,18;0,2;31,79;68,01
103502;Bang Kho;Chom Thong;2,51;25,99;4,78;9,49;2,85;54,29;0,09;59;4,14;7,04;6,92;11,33;28,2;0,2;22,88;13,33;5,68;0,28;0,26;31,14;68,6
103503;Bang Mot;Chom Thong;5,13;19,74;6,71;10,28;1,69;56,32;0,13;46;7,25;8,75;9,74;8,13;31,58;0,33;13,28;15,3;5,34;0,29;0,36;29,03;70,61
103504;Chom Thong;Chom Thong;2,72;25,7;8,16;7,27;1,33;54,82;0;44;2,69;4,71;6;7,01;27,81;0,15;24,64;15,97;10,94;0,08;0,25;42,72;57,04
103602;Si Kan;Don Mueang;3,82;20,32;5,34;16,17;7,03;47,04;0,29;47;7,36;13,72;8,12;10,51;26,06;0,26;11,62;10,38;8,58;3,38;0,21;18,17;81,62
103701;Thung Phaya Thai;Ratchathewi;1,16;22,34;3,11;35,06;1,63;34,79;1,91;41;4,86;11,87;9,17;10,59;32,43;0,27;4,79;7,5;8,14;10,37;0,12;9,06;90,82
103702;Thanon Phaya Thai;Ratchathewi;8,61;11,76;6,85;17,08;1,3;54,28;0,13;34;9,16;20,9;9,91;12,39;37,06;0,07;4,66;2,77;2,76;0,33;0,07;9,98;89,94
103703;Thanon Phetchaburi;Ratchathewi;2,44;25,44;3,77;10,9;2,85;54,45;0,16;53;5,78;15,35;9,87;10,38;31,79;0,22;10,04;9,44;6,96;0,16;0;19,86;80,14
103704;Makkasan;Ratchathewi;3,8;18,68;5;7,06;2,94;62,47;0,06;51;5,47;14,03;7,78;10,26;41,1;0,14;10,83;5,76;4,41;0,22;0,2;16,45;83,36
103801;Lat Phrao;Lat Phrao;6,13;14,99;4,85;18,29;3,58;52,01;0,16;51;9,99;20,35;10,17;11,36;23,46;0,39;9,11;6,12;7,57;1,47;0,28;16,34;83,39
103802;Chorakhe Bua;Lat Phrao;6,51;16,46;4,74;13,91;4,64;53,6;0,15;56;12,08;24,28;10,14;9,19;23,07;0,38;9,7;5,72;5,12;0,32;0,2;18,75;81,04
103901;Khlong Toei Nuea;Watthana;6,9;14,59;4,08;14,27;3,5;56,65;0;42;14,34;16,01;13,21;5,85;39,16;0;0,82;3,55;4,56;2,5;0;12,07;87,93
103902;Khlong Tan Nuea;Watthana;7,16;16,35;3,37;5,18;2,44;65,08;0,42;30;10,62;12,96;9,52;5,96;31,87;0,63;8,38;9,25;10,67;0,14;0,11;16,38;83,51
103903;Phra Khanong Nuea;Watthana;8,02;16,36;3,2;4,55;1,95;65,1;0,82;40;8,85;10,99;7,93;5,2;24,13;0,18;3,66;17,53;21,08;0,44;0,13;11,13;88,74
104001;Bang Khae;Bang Khae;3,29;19,67;4,82;7,1;1,1;64;0,02;31;5,56;9,31;7,84;7,89;23,55;0,52;20,46;16,27;8,41;0,17;0,5;38,81;60,69
104002;Bang Khae Nuea;Bang Khae;5,69;20,69;6,41;10,36;3,05;53,66;0,14;42;6,97;12,3;8,65;7,68;28,65;0,94;14,3;10,35;9,86;0,31;0,72;26,38;72,9
104003;Bang Phai;Bang Khae;4,33;21,53;6,45;16,25;3,75;47,62;0,07;46;6,05;12,84;7,54;8,53;27,36;1,18;14,74;9,57;11,75;0,44;1,35;28,15;70,5
104004;Lak Song;Bang Khae;3,26;25,19;9,02;10,34;1,52;50,63;0,03;40;4,35;9,26;7,68;7,77;27,64;4,07;15;12,97;11,02;0,22;4,73;34,58;60,69
104101;Thung Song Hong;Lak Si;2,94;18,57;2,75;18,43;7,57;46,41;3,34;56;7,79;15,72;9,09;12,27;27,9;0,53;8,93;9,32;7,75;0,69;0,16;15,83;84,01
104102;Talat Bang Khen;Lak Si;2,14;16,58;2,37;17,81;6,55;54,28;0,28;36;8,25;16,68;12,11;12,02;26,05;0,27;9,43;9,5;5,23;0,46;0,29;19,84;79,87
104201;Sai Mai;Sai Mai;3,63;17,34;4,76;19,91;5,16;49,11;0,09;44;6,25;13,61;11,11;10,65;25,58;0,46;11,74;10,35;7,45;2,81;0,33;19,53;80,14
104202;O Ngoen;Sai Mai;3,1;32,2;4,46;10,18;3,07;46,72;0,27;42;3,57;7,14;9,29;8,81;29,96;0,57;15,5;16,4;8,31;0,45;0,1;23,95;75,95
104203;Khlong Thanon;Sai Mai;2,45;26,13;7,91;17,58;3,86;41,69;0,37;44;4,3;13,38;8,63;9,58;30,95;0,68;13,05;9,56;8,31;1,57;0,65;18,68;80,67
104301;Khan Na Yao;Khan Na Yao;4,14;21,96;5,25;10;3,58;54,92;0,14;40;7,11;12,65;7,05;7,55;25,7;0,59;13,65;12,99;12,2;0,51;0,36;28,21;71,42
104401;Saphan Sung;Saphan Sung;4,51;22,77;3,49;10,54;3,94;54,32;0,43;55;8,47;13,56;9,55;7,7;23,99;0,68;14,82;10,28;10,72;0,22;0,5;25,37;74,13
104501;Wang Thonglang;Wang Thonglang;5,29;17,19;4,4;9,74;2,72;60,59;0,07;51;11,9;14,76;10,04;11,88;24,65;0,2;10,74;7,2;8,33;0,3;0,23;20,35;79,42
104601;Sam Wa Tawantok;Khlong Sam Wa;8,36;19,06;6,71;7,74;3,02;55,04;0,07;43;9,13;11,76;10,77;7,97;27,52;2,98;12,96;9,1;7,47;0,35;2,81;24,53;72,66
104602;Sam Wa Tawan-ok;Khlong Sam Wa;4,56;28,83;14;7,23;3,68;41,19;0,52;35;5,8;9,84;7,38;6,78;42,59;6,35;7,21;6,72;7,08;0,25;6,25;14,33;79,42
104603;Bang Chan;Khlong Sam Wa;4,68;18,78;5,53;10,25;3,37;57,07;0,31;38;5,77;12,18;9,89;7,31;24,62;1,96;14,79;10,55;12,6;0,33;1,75;32,34;65,91
104604;Sai Kong Din;Khlong Sam Wa;2,14;24,59;10;13,68;2,12;47,31;0,16;42;5,3;13,36;11,2;6,94;28,93;0,42;11,91;13,03;7,89;1,01;0,75;23,2;76,04
104605;Sai Kong Din Tai;Khlong Sam Wa;1,59;23,89;8,86;9,12;1,75;54,78;0;49;3,68;4,77;4,63;6,14;24,96;6,46;12,08;20,48;16,5;0,3;5,98;36,2;57,82
104701;Bang Na;Bang Na;2,95;15,19;4,02;16,53;2,16;58,87;0,29;41;6,36;9,93;9,29;10,55;23,79;0,11;10,06;11,15;10,02;8,74;0,11;29,89;70
104801;Thawi Watthana;Thawi Watthana;6,5;19,18;7,19;17,11;2,55;47,44;0,03;49;10,29;13,87;8,54;7,15;22,07;4,76;10,96;8,69;12,73;0,92;5,98;23,17;70,85
104802;Sala Thammasop;Thawi Watthana;6,78;15,7;4,76;15,2;2,52;54,88;0,15;51;11,58;14,98;9,33;7,39;21,75;2,35;13,23;5,97;12,69;0,74;2,52;23,81;73,67
104901;Bang Mot;Thung Khru;5,14;16,7;5,65;9,24;2,53;60,46;0,28;62;7,2;8,65;8,07;8,34;18,76;0,81;21,19;19,37;7,43;0,18;0,68;42,42;56,9
104902;Thung Khru;Thung Khru;2,86;17,42;4,09;18,06;2,96;54,14;0,47;58;7,43;11,8;9,73;12,47;20,21;0,9;15,12;14,09;7,89;0,36;0,49;33,11;66,4
105001;Bang Bon;Bang Bon;5,77;20,88;8,8;7,21;1,34;55,77;0,23;36;5,2;5,93;4,51;9,17;28,07;0,59;22,08;15,71;8,6;0,13;0,46;44,75;54,79
